round,phase,source,metric,value
0,server_eval_initial,serverapp,accuracy,0.096
0,server_eval_initial,serverapp,loss,2.3030505180358887
0,server_eval_initial,serverapp,poisoned_accuracy,0.0
0,server_eval_initial,serverapp,poisoned_loss,2.3051358047048827
0,server_eval_initial,serverapp,attack_success_rate,0.0
0,server_eval_initial,serverapp,poisoned_examples,1171
1,train_agg,clientapp,train_loss,1.9761575359518395
1,eval_agg,clientapp,eval_loss,2.3105019697378846
1,eval_agg,clientapp,eval_acc,0.10144927536231883
1,server_eval,serverapp,accuracy,0.1
1,server_eval,serverapp,loss,2.3112890297853492
1,server_eval,serverapp,poisoned_accuracy,0.0
1,server_eval,serverapp,poisoned_loss,2.1958054600364627
1,server_eval,serverapp,attack_success_rate,0.0
1,server_eval,serverapp,poisoned_examples,1171
2,train_agg,clientapp,train_loss,1.8399569851845066
2,eval_agg,clientapp,eval_loss,2.126794614543188
2,eval_agg,clientapp,eval_acc,0.16961519240379808
2,server_eval,serverapp,accuracy,0.1679
2,server_eval,serverapp,loss,2.125117401533489
2,server_eval,serverapp,poisoned_accuracy,0.43125533731853116
2,server_eval,serverapp,poisoned_loss,2.048645071958905
2,server_eval,serverapp,attack_success_rate,0.38737040527803956
2,server_eval,serverapp,poisoned_examples,1171
3,train_agg,clientapp,train_loss,1.6505129731892387
3,eval_agg,clientapp,eval_loss,1.9597077632524105
3,eval_agg,clientapp,eval_acc,0.17921039480259868
3,server_eval,serverapp,accuracy,0.1762
3,server_eval,serverapp,loss,1.9579790634444998
3,server_eval,serverapp,poisoned_accuracy,0.18787361229718189
3,server_eval,serverapp,poisoned_loss,2.786026420703207
3,server_eval,serverapp,attack_success_rate,0.17436380772855797
3,server_eval,serverapp,poisoned_examples,1171
4,train_agg,clientapp,train_loss,1.56371999170725
4,eval_agg,clientapp,eval_loss,1.763142567840079
4,eval_agg,clientapp,eval_acc,0.2890554722638681
4,server_eval,serverapp,accuracy,0.2874
4,server_eval,serverapp,loss,1.759116838249979
4,server_eval,serverapp,poisoned_accuracy,0.07258753202391119
4,server_eval,serverapp,poisoned_loss,2.9660556403924825
4,server_eval,serverapp,attack_success_rate,0.05466540999057493
4,server_eval,serverapp,poisoned_examples,1171
5,train_agg,clientapp,train_loss,1.485978378502695
5,eval_agg,clientapp,eval_loss,1.7166609825661026
5,eval_agg,clientapp,eval_acc,0.2999500249875062
5,server_eval,serverapp,accuracy,0.3039
5,server_eval,serverapp,loss,1.7163373428055002
5,server_eval,serverapp,poisoned_accuracy,0.10076857386848848
5,server_eval,serverapp,poisoned_loss,2.873044038409356
5,server_eval,serverapp,attack_success_rate,0.0706880301602262
5,server_eval,serverapp,poisoned_examples,1171
6,train_agg,clientapp,train_loss,1.4255196829470524
6,eval_agg,clientapp,eval_loss,1.6727568004307338
6,eval_agg,clientapp,eval_acc,0.31984007996001995
6,server_eval,serverapp,accuracy,0.3246
6,server_eval,serverapp,loss,1.6698102483266517
6,server_eval,serverapp,poisoned_accuracy,0.089666951323655
6,server_eval,serverapp,poisoned_loss,2.9427428526515946
6,server_eval,serverapp,attack_success_rate,0.058435438265786996
6,server_eval,serverapp,poisoned_examples,1171
7,train_agg,clientapp,train_loss,1.3334138942735771
7,eval_agg,clientapp,eval_loss,1.585112913389012
7,eval_agg,clientapp,eval_acc,0.35182408795602194
7,server_eval,serverapp,accuracy,0.3555
7,server_eval,serverapp,loss,1.5843409179132195
7,server_eval,serverapp,poisoned_accuracy,0.18360375747224594
7,server_eval,serverapp,poisoned_loss,2.715796113421426
7,server_eval,serverapp,attack_success_rate,0.12723845428840716
7,server_eval,serverapp,poisoned_examples,1171
8,train_agg,clientapp,train_loss,1.3116020525074246
8,eval_agg,clientapp,eval_loss,1.5489500984564497
8,eval_agg,clientapp,eval_acc,0.3696151924037981
8,server_eval,serverapp,accuracy,0.3744
8,server_eval,serverapp,loss,1.5472235257112528
8,server_eval,serverapp,poisoned_accuracy,0.017079419299743808
8,server_eval,serverapp,poisoned_loss,3.3134957835981727
8,server_eval,serverapp,attack_success_rate,0.011310084825636193
8,server_eval,serverapp,poisoned_examples,1171
9,train_agg,clientapp,train_loss,1.240785815147022
9,eval_agg,clientapp,eval_loss,1.4397957271221355
9,eval_agg,clientapp,eval_acc,0.45507246376811594
9,server_eval,serverapp,accuracy,0.4627
9,server_eval,serverapp,loss,1.4383302987376345
9,server_eval,serverapp,poisoned_accuracy,0.08454312553373185
9,server_eval,serverapp,poisoned_loss,3.1330826612337344
9,server_eval,serverapp,attack_success_rate,0.049010367577756835
9,server_eval,serverapp,poisoned_examples,1171
10,train_agg,clientapp,train_loss,1.1624450083591127
10,eval_agg,clientapp,eval_loss,1.3776544775886113
10,eval_agg,clientapp,eval_acc,0.47726136931534224
10,server_eval,serverapp,accuracy,0.4868
10,server_eval,serverapp,loss,1.382424775558182
10,server_eval,serverapp,poisoned_accuracy,0.10247651579846286
10,server_eval,serverapp,poisoned_loss,3.250950952353995
10,server_eval,serverapp,attack_success_rate,0.05560791705937795
10,server_eval,serverapp,poisoned_examples,1171
11,train_agg,clientapp,train_loss,1.101120173230154
11,eval_agg,clientapp,eval_loss,1.2677746179066374
11,eval_agg,clientapp,eval_acc,0.5185407296351825
11,server_eval,serverapp,accuracy,0.5171
11,server_eval,serverapp,loss,1.2771612103981307
11,server_eval,serverapp,poisoned_accuracy,0.04611443210930828
11,server_eval,serverapp,poisoned_loss,3.369875082696838
11,server_eval,serverapp,attack_success_rate,0.021677662582469368
11,server_eval,serverapp,poisoned_examples,1171
12,train_agg,clientapp,train_loss,1.0591944917979264
12,eval_agg,clientapp,eval_loss,1.1914085124439688
12,eval_agg,clientapp,eval_acc,0.551024487756122
12,server_eval,serverapp,accuracy,0.5546
12,server_eval,serverapp,loss,1.1958872849428202
12,server_eval,serverapp,poisoned_accuracy,0.035866780529461996
12,server_eval,serverapp,poisoned_loss,3.9212100426423864
12,server_eval,serverapp,attack_success_rate,0.012252591894439209
12,server_eval,serverapp,poisoned_examples,1171
13,train_agg,clientapp,train_loss,0.9427141740522798
13,eval_agg,clientapp,eval_loss,1.1307012217068835
13,eval_agg,clientapp,eval_acc,0.5729135432283858
13,server_eval,serverapp,accuracy,0.57
13,server_eval,serverapp,loss,1.141829121716415
13,server_eval,serverapp,poisoned_accuracy,0.05209222886421862
13,server_eval,serverapp,poisoned_loss,4.180696470934952
13,server_eval,serverapp,attack_success_rate,0.017907634307257305
13,server_eval,serverapp,poisoned_examples,1171
14,train_agg,clientapp,train_loss,0.9525061098393489
14,eval_agg,clientapp,eval_loss,1.052289773519996
14,eval_agg,clientapp,eval_acc,0.6248875562218891
14,server_eval,serverapp,accuracy,0.6213
14,server_eval,serverapp,loss,1.0627506926089902
14,server_eval,serverapp,poisoned_accuracy,0.08454312553373185
14,server_eval,serverapp,poisoned_loss,3.6966805924318673
14,server_eval,serverapp,attack_success_rate,0.03864278982092366
14,server_eval,serverapp,poisoned_examples,1171
15,train_agg,clientapp,train_loss,0.9055465222663022
15,eval_agg,clientapp,eval_loss,1.0024646272844542
15,eval_agg,clientapp,eval_acc,0.6397801099450274
15,server_eval,serverapp,accuracy,0.6337
15,server_eval,serverapp,loss,1.0163750459876242
15,server_eval,serverapp,poisoned_accuracy,0.06063193851409052
15,server_eval,serverapp,poisoned_loss,4.032687625754704
15,server_eval,serverapp,attack_success_rate,0.016965127238454288
15,server_eval,serverapp,poisoned_examples,1171
16,train_agg,clientapp,train_loss,0.8190732920667445
16,eval_agg,clientapp,eval_loss,0.976873937937713
16,eval_agg,clientapp,eval_acc,0.6458770614692654
16,server_eval,serverapp,accuracy,0.6434
16,server_eval,serverapp,loss,0.996759706660162
16,server_eval,serverapp,poisoned_accuracy,0.10930828351836037
16,server_eval,serverapp,poisoned_loss,3.7228997759489193
16,server_eval,serverapp,attack_success_rate,0.03958529688972667
16,server_eval,serverapp,poisoned_examples,1171
17,train_agg,clientapp,train_loss,0.7576018909274806
17,eval_agg,clientapp,eval_loss,0.932138589224556
17,eval_agg,clientapp,eval_acc,0.6725637181409295
17,server_eval,serverapp,accuracy,0.6676
17,server_eval,serverapp,loss,0.949250314809099
17,server_eval,serverapp,poisoned_accuracy,0.07600341588385995
17,server_eval,serverapp,poisoned_loss,4.571689796488474
17,server_eval,serverapp,attack_success_rate,0.022620169651272386
17,server_eval,serverapp,poisoned_examples,1171
18,train_agg,clientapp,train_loss,0.7620499291604863
18,eval_agg,clientapp,eval_loss,0.9017209373611257
18,eval_agg,clientapp,eval_acc,0.6823588205897051
18,server_eval,serverapp,accuracy,0.6769
18,server_eval,serverapp,loss,0.9268655135661741
18,server_eval,serverapp,poisoned_accuracy,0.07087959009393681
18,server_eval,serverapp,poisoned_loss,4.263747285921079
18,server_eval,serverapp,attack_success_rate,0.017907634307257305
18,server_eval,serverapp,poisoned_examples,1171
19,train_agg,clientapp,train_loss,0.7299846294585877
19,eval_agg,clientapp,eval_loss,0.9239535799588858
19,eval_agg,clientapp,eval_acc,0.6766616691654173
19,server_eval,serverapp,accuracy,0.6727
19,server_eval,serverapp,loss,0.945343376714972
19,server_eval,serverapp,poisoned_accuracy,0.11016225448334757
19,server_eval,serverapp,poisoned_loss,3.9813164225202864
19,server_eval,serverapp,attack_success_rate,0.03958529688972667
19,server_eval,serverapp,poisoned_examples,1171
20,train_agg,clientapp,train_loss,0.6480562953849133
20,eval_agg,clientapp,eval_loss,0.8811406144627465
20,eval_agg,clientapp,eval_acc,0.6968515742128936
20,server_eval,serverapp,accuracy,0.6976
20,server_eval,serverapp,loss,0.9022832150700726
20,server_eval,serverapp,poisoned_accuracy,0.14859094790777114
20,server_eval,serverapp,poisoned_loss,4.1807950864379775
20,server_eval,serverapp,attack_success_rate,0.09048067860508954
20,server_eval,serverapp,poisoned_examples,1171
21,train_agg,clientapp,train_loss,0.6726721040733202
21,eval_agg,clientapp,eval_loss,0.8726365184405572
21,eval_agg,clientapp,eval_acc,0.7031484257871063
21,server_eval,serverapp,accuracy,0.702
21,server_eval,serverapp,loss,0.8936489171619657
21,server_eval,serverapp,poisoned_accuracy,0.2561912894961571
21,server_eval,serverapp,poisoned_loss,3.546539708144842
21,server_eval,serverapp,attack_success_rate,0.20358152686145145
21,server_eval,serverapp,poisoned_examples,1171
22,train_agg,clientapp,train_loss,0.5788362149585277
22,eval_agg,clientapp,eval_loss,0.8783061764266027
22,eval_agg,clientapp,eval_acc,0.7049475262368815
22,server_eval,serverapp,accuracy,0.7075
22,server_eval,serverapp,loss,0.8989111169984069
22,server_eval,serverapp,poisoned_accuracy,0.3484201537147737
22,server_eval,serverapp,poisoned_loss,3.314484344599697
22,server_eval,serverapp,attack_success_rate,0.3006597549481621
22,server_eval,serverapp,poisoned_examples,1171
23,train_agg,clientapp,train_loss,0.5566435690423643
23,eval_agg,clientapp,eval_loss,0.8310459218654975
23,eval_agg,clientapp,eval_acc,0.7181409295352325
23,server_eval,serverapp,accuracy,0.7191
23,server_eval,serverapp,loss,0.8541777511186237
23,server_eval,serverapp,poisoned_accuracy,0.4807856532877882
23,server_eval,serverapp,poisoned_loss,2.3957306709582737
23,server_eval,serverapp,attack_success_rate,0.43826578699340246
23,server_eval,serverapp,poisoned_examples,1171
24,train_agg,clientapp,train_loss,0.533510710389308
24,eval_agg,clientapp,eval_loss,0.8590020086696515
24,eval_agg,clientapp,eval_acc,0.7221389305347325
24,server_eval,serverapp,accuracy,0.717
24,server_eval,serverapp,loss,0.8827094541320318
24,server_eval,serverapp,poisoned_accuracy,0.47822374039282667
24,server_eval,serverapp,poisoned_loss,2.7758020800876375
24,server_eval,serverapp,attack_success_rate,0.43826578699340246
24,server_eval,serverapp,poisoned_examples,1171
25,train_agg,clientapp,train_loss,0.5088870773042045
25,eval_agg,clientapp,eval_loss,0.8307752500538548
25,eval_agg,clientapp,eval_acc,0.7274362818590706
25,server_eval,serverapp,accuracy,0.7256
25,server_eval,serverapp,loss,0.8571778369855277
25,server_eval,serverapp,poisoned_accuracy,0.3996584116140051
25,server_eval,serverapp,poisoned_loss,3.378707914450146
25,server_eval,serverapp,attack_success_rate,0.352497643732328
25,server_eval,serverapp,poisoned_examples,1171
26,train_agg,clientapp,train_loss,0.4945292877469768
26,eval_agg,clientapp,eval_loss,0.8559532149590934
26,eval_agg,clientapp,eval_acc,0.7290354822588706
26,server_eval,serverapp,accuracy,0.7263
26,server_eval,serverapp,loss,0.8860838194436664
26,server_eval,serverapp,poisoned_accuracy,0.5055508112724167
26,server_eval,serverapp,poisoned_loss,2.6380932565228132
26,server_eval,serverapp,attack_success_rate,0.4646559849198869
26,server_eval,serverapp,poisoned_examples,1171
27,train_agg,clientapp,train_loss,0.47766571469352737
27,eval_agg,clientapp,eval_loss,0.7846402835192665
27,eval_agg,clientapp,eval_acc,0.7408295852073964
27,server_eval,serverapp,accuracy,0.7366
27,server_eval,serverapp,loss,0.8181827528567254
27,server_eval,serverapp,poisoned_accuracy,0.5764304013663536
27,server_eval,serverapp,poisoned_loss,2.159393221470762
27,server_eval,serverapp,attack_success_rate,0.5409990574929312
27,server_eval,serverapp,poisoned_examples,1171
28,train_agg,clientapp,train_loss,0.40211248514772246
28,eval_agg,clientapp,eval_loss,0.8421752049178058
28,eval_agg,clientapp,eval_acc,0.7329335332333833
28,server_eval,serverapp,accuracy,0.7319
28,server_eval,serverapp,loss,0.8743953652019743
28,server_eval,serverapp,poisoned_accuracy,0.5439795046968403
28,server_eval,serverapp,poisoned_loss,2.7171381197863416
28,server_eval,serverapp,attack_success_rate,0.5089538171536286
28,server_eval,serverapp,poisoned_examples,1171
29,train_agg,clientapp,train_loss,0.44221400175823844
29,eval_agg,clientapp,eval_loss,0.8082553063524809
29,eval_agg,clientapp,eval_acc,0.7380309845077461
29,server_eval,serverapp,accuracy,0.7334
29,server_eval,serverapp,loss,0.8393106407757047
29,server_eval,serverapp,poisoned_accuracy,0.4824935952177626
29,server_eval,serverapp,poisoned_loss,3.018864729280252
29,server_eval,serverapp,attack_success_rate,0.4439208294062206
29,server_eval,serverapp,poisoned_examples,1171
30,train_agg,clientapp,train_loss,0.4032443677005341
30,eval_agg,clientapp,eval_loss,0.7913435702225341
30,eval_agg,clientapp,eval_acc,0.7478260869565219
30,server_eval,serverapp,accuracy,0.7478
30,server_eval,serverapp,loss,0.825550043884712
30,server_eval,serverapp,poisoned_accuracy,0.5414175918018788
30,server_eval,serverapp,poisoned_loss,2.7632616359285573
30,server_eval,serverapp,attack_success_rate,0.5023562676720076
30,server_eval,serverapp,poisoned_examples,1171
31,train_agg,clientapp,train_loss,0.3623793247222819
31,eval_agg,clientapp,eval_loss,0.819438872347953
31,eval_agg,clientapp,eval_acc,0.7410294852573712
31,server_eval,serverapp,accuracy,0.738
31,server_eval,serverapp,loss,0.861544625668586
31,server_eval,serverapp,poisoned_accuracy,0.5439795046968403
31,server_eval,serverapp,poisoned_loss,2.651799978709038
31,server_eval,serverapp,attack_success_rate,0.5080113100848256
31,server_eval,serverapp,poisoned_examples,1171
32,train_agg,clientapp,train_loss,0.4150038458700457
32,eval_agg,clientapp,eval_loss,0.8483727027900118
32,eval_agg,clientapp,eval_acc,0.7412293853073464
32,server_eval,serverapp,accuracy,0.7383
32,server_eval,serverapp,loss,0.8758634479739998
32,server_eval,serverapp,poisoned_accuracy,0.5525192143467123
32,server_eval,serverapp,poisoned_loss,2.8200295855101105
32,server_eval,serverapp,attack_success_rate,0.5193213949104618
32,server_eval,serverapp,poisoned_examples,1171
33,train_agg,clientapp,train_loss,0.3164283044869463
33,eval_agg,clientapp,eval_loss,0.8673317756770174
33,eval_agg,clientapp,eval_acc,0.7472263868065966
33,server_eval,serverapp,accuracy,0.7453
33,server_eval,serverapp,loss,0.899075638644303
33,server_eval,serverapp,poisoned_accuracy,0.6387702818104184
33,server_eval,serverapp,poisoned_loss,2.274214694557996
33,server_eval,serverapp,attack_success_rate,0.6069745523091423
33,server_eval,serverapp,poisoned_examples,1171
34,train_agg,clientapp,train_loss,0.34323136266576815
34,eval_agg,clientapp,eval_loss,0.8194294905959019
34,eval_agg,clientapp,eval_acc,0.7480259870064968
34,server_eval,serverapp,accuracy,0.7444
34,server_eval,serverapp,loss,0.852668483800526
34,server_eval,serverapp,poisoned_accuracy,0.6157130657557643
34,server_eval,serverapp,poisoned_loss,2.2448544740473277
34,server_eval,serverapp,attack_success_rate,0.5834118755890669
34,server_eval,serverapp,poisoned_examples,1171
35,train_agg,clientapp,train_loss,0.28418631268471767
35,eval_agg,clientapp,eval_loss,0.8887598013525372
35,eval_agg,clientapp,eval_acc,0.7535232383808096
35,server_eval,serverapp,accuracy,0.7485
35,server_eval,serverapp,loss,0.9263666845575164
35,server_eval,serverapp,poisoned_accuracy,0.6618274978650726
35,server_eval,serverapp,poisoned_loss,2.125955696407798
35,server_eval,serverapp,attack_success_rate,0.6314797360980208
35,server_eval,serverapp,poisoned_examples,1171
36,train_agg,clientapp,train_loss,0.287153279143433
36,eval_agg,clientapp,eval_loss,0.8980709840413292
36,eval_agg,clientapp,eval_acc,0.7404297851074462
36,server_eval,serverapp,accuracy,0.7403
36,server_eval,serverapp,loss,0.916388759130164
36,server_eval,serverapp,poisoned_accuracy,0.6959863364645602
36,server_eval,serverapp,poisoned_loss,1.846596654991275
36,server_eval,serverapp,attack_success_rate,0.6710650329877474
36,server_eval,serverapp,poisoned_examples,1171
37,train_agg,clientapp,train_loss,0.32859478990898844
37,eval_agg,clientapp,eval_loss,0.8649941769658905
37,eval_agg,clientapp,eval_acc,0.7475262368815594
37,server_eval,serverapp,accuracy,0.7442
37,server_eval,serverapp,loss,0.8862835440454604
37,server_eval,serverapp,poisoned_accuracy,0.6319385140905209
37,server_eval,serverapp,poisoned_loss,2.363080025584549
37,server_eval,serverapp,attack_success_rate,0.6041470311027333
37,server_eval,serverapp,poisoned_examples,1171
38,train_agg,clientapp,train_loss,0.26841269333096035
38,eval_agg,clientapp,eval_loss,0.8531753391354656
38,eval_agg,clientapp,eval_acc,0.7494252873563217
38,server_eval,serverapp,accuracy,0.7526
38,server_eval,serverapp,loss,0.8827345763580708
38,server_eval,serverapp,poisoned_accuracy,0.7002561912894961
38,server_eval,serverapp,poisoned_loss,1.8425694835474866
38,server_eval,serverapp,attack_success_rate,0.6738925541941565
38,server_eval,serverapp,poisoned_examples,1171
39,train_agg,clientapp,train_loss,0.2523198324312225
39,eval_agg,clientapp,eval_loss,0.8998362615333747
39,eval_agg,clientapp,eval_acc,0.7519240379810095
39,server_eval,serverapp,accuracy,0.7478
39,server_eval,serverapp,loss,0.9277376864529863
39,server_eval,serverapp,poisoned_accuracy,0.695132365499573
39,server_eval,serverapp,poisoned_loss,1.942604925645711
39,server_eval,serverapp,attack_success_rate,0.6691800188501413
39,server_eval,serverapp,poisoned_examples,1171
40,train_agg,clientapp,train_loss,0.2652571899112285
40,eval_agg,clientapp,eval_loss,0.8290720805925403
40,eval_agg,clientapp,eval_acc,0.75872063968016
40,server_eval,serverapp,accuracy,0.76
40,server_eval,serverapp,loss,0.8578596945050396
40,server_eval,serverapp,poisoned_accuracy,0.7070879590093937
40,server_eval,serverapp,poisoned_loss,1.8366316256998545
40,server_eval,serverapp,attack_success_rate,0.6814326107445806
40,server_eval,serverapp,poisoned_examples,1171
40,server_eval_final,serverapp,accuracy,0.76
40,server_eval_final,serverapp,loss,0.8578596945050396
40,server_eval_final,serverapp,poisoned_accuracy,0.7070879590093937
40,server_eval_final,serverapp,poisoned_loss,1.8366316256998545
40,server_eval_final,serverapp,attack_success_rate,0.6814326107445806
40,server_eval_final,serverapp,poisoned_examples,1171
